Adeptus Custodes, 1Ic420krL5mcf3_E_vwmwLnGoT1hZ9Qzl0IxWeJ79yoI
Adeptus Mechanicus, 1uufTN0BOMRNtjSWfFJzEtfXUmpHdU8WTdKDUoXNLs8w
Adeptus Sororitas, 1t6sB5Ls5UdXu5LE61Ab_2OOgxD4m2TC6hFvsEy0bP3k
Assassins, 1NZepq8IfXgWs9mmZMxg4emgOxTPP5VfVNfRZ3ryh5f4
Chaos Daemons, 1t4UjzvS44a2h-x5KJGM-GyIou66yt0XfpOqqjAE1zl8
Dark Eldar, 1SGc2WinOPa4gy66gICT4KiczzOgugDMe-v5JGz-bPQ8
Eldar, 139EqmDtxDjDZ4t6tllqHKjATrTpKQgJks7UzmKkUSkw
Genestealer Cults, 1s0RwILJINi2QcCYnpjQ8und3QRoTDZWp83UJGlo8hqQ
Grey Knights, 1XkDkdshwkySGDwBaF4sQblDcE4xITkm1iSSlZSUE_mk
Harlequins, 1E_9Vy6kWaAUXVBV-BiyJK4GD7_r72cYwEa115_G2Dec
Horus Heresy Forces of the Machine God, 1SrBhi_8b77QwqoI03xNDxgOwgt-ePmqRQvA5dyquYtM
Imperial Guard, 1nii7VyPLnNHlRlpJTxsh79P7qo1WT3D-yJM0g88CbZM
Inquisition, 1krDncaF0CSf6bDIeA-j20dAo3tqkphkeDd2weq56MN4
Leagues of Votann, 1lZ6MxdCM710N-d4ba9RUSdhmeN8iJjzM5hlpVf73iPY
Necrons, 1hkc7MKcM4NrWr3GWIKcF9lYBx55CfQ9pBI6srKuzwOA
Orks, 1gt2q98cnPczVyaujVWX56r2F_GJXBFp8IW9VpAWZ6qI
Space Marines, 16Ri3G9Jx1NAzguMbTKtxsL8uaOq6hik3h7NVuU85mZA
T'au Empire, 1S1Uub6VvvlBuxlqh61S5DhZYIKtdRHvkRs1CsIRgu8s
Tyranids, 1Os-J6QK4quRtd0K6ocOsbaRMHd7PimPaQpRZw8kR_5M